PMID,lvl1,lvl2
10037560,no,no
10050350,no,no
10052109,yes,no
10063871,yes,no
10065140,no,no
10070798,no,no
10070956,no,no
10071594,no,no
10071873,no,no
10071882,no,no
10071883,no,no
10071888,no,no
10073660,no,no
10076972,no,no
10093613,no,no
10099089,no,no
10099090,no,no
10100170,no,no
10103167,no,no
10115534,no,no
10150872,no,no
10163456,no,no
101758,no,no
101760,no,no
101761,no,no
101762,no,no
101763,no,no
10187175,no,no
10196398,no,no
10196401,no,no
10196669,no,no
10196675,no,no
10204881,no,no
10210346,no,no
10211804,no,no
10214036,yes,no
10216216,no,no
10218540,no,no
10219815,no,no
10220401,no,no
10223493,yes,no
10225703,no,no
10226585,no,no
10227355,no,no
10227360,no,no
10227433,no,no
10227437,no,no
10229922,no,no
10230460,no,no
102622,no,no
103077,no,no
10325987,no,no
10328542,no,no
10331852,no,no
10341204,no,no
10341685,no,no
10346748,no,no
10358449,no,no
10360542,no,no
10360783,no,no
103635,no,no
10363986,no,no
10365156,no,no
10368012,no,no
10368014,no,no
10368021,no,no
10368035,no,no
10369595,yes,no
10379511,no,no
10379513,no,no
10381841,no,no
10383902,no,no
10392818,no,no
10392819,no,no
10394382,no,no
10394383,no,no
10394386,no,no
10394387,no,no
10394388,no,no
10394389,no,no
10394390,no,no
10394392,no,no
10394393,no,no
10394394,no,no
10394395,no,no
10394396,no,no
10394397,no,no
10394399,no,no
10394400,no,no
10394402,no,no
10394403,no,no
10394406,no,no
10394409,no,no
10394410,no,no
10394411,no,no
10394413,no,no
10394415,no,no
10394419,no,no
10394420,no,no
10398947,no,no
10401596,no,no
10402719,no,no
10408460,yes,no
104139,no,no
10414263,no,no
10420525,no,no
10428682,no,no
10433313,yes,no
10435517,no,no
10435522,no,no
10435523,no,no
10435525,no,no
10435527,no,no
10435814,no,no
10435820,no,no
10435821,no,no
10435822,no,no
10436203,no,no
104367,no,no
10436896,no,no
10436900,no,no
10436901,no,no
10442699,no,no
10442715,no,no
10442906,yes,no
10442907,yes,yes
10452014,no,no
10461753,no,no
10465364,no,no
10470818,yes,no
10474501,no,no
10477000,yes,no
10477918,no,no
10478175,no,no
10478176,no,no
10480292,no,no
10480430,no,no
10484848,no,no
10484852,no,no
10487555,yes,no
10494144,no,no
10501042,no,no
10501046,no,no
10501053,no,no
10501054,no,no
10505875,no,no
10505876,no,no
10505877,no,no
10505886,no,no
10505887,no,no
10524425,no,no
10524434,no,no
10524841,yes,no
10526074,no,no
10526202,no,no
10530488,no,no
10533938,no,no
10535629,no,no
10535631,no,no
10535697,no,no
10536449,no,no
10541359,no,no
10544687,no,no
10549476,no,no
10551231,no,no
10555005,yes,no
10559093,yes,no
10565648,no,no
10565792,no,no
10566300,no,no
10572800,no,no
10577687,no,no
10584137,no,no
10587228,no,no
10587243,no,no
10588029,no,no
10588284,no,no
10588285,no,no
10592325,no,no
10592492,no,no
10599162,no,no
10605297,no,no
10606478,yes,no
10611107,no,no
10612500,no,no
10613303,yes,no
10613328,no,no
10616140,no,no
10617843,no,no
106209,no,no
10622772,no,no
10624037,no,no
10624345,no,no
10629839,no,no
10630161,no,no
10630972,no,no
10630973,no,no
10631346,no,no
10633788,no,no
10633789,no,no
106435,no,no
10643731,no,no
106438,no,no
10647986,no,no
10650829,yes,no
10654344,no,no
10656371,no,no
10657959,no,no
10659753,no,no
10659754,no,no
10659756,no,no
10659757,no,no
10659758,no,no
10659761,no,no
10659762,no,no
10665955,no,no
10668041,no,no
106698,no,no
10681418,no,no
10681679,no,no
10681704,no,no
10684021,no,no
106873,no,no
10688860,no,no
10690720,no,no
10690841,no,no
106956,no,no
10696752,no,no
10697654,no,no
10697819,no,no
10700825,no,no
10701517,no,no
10710246,no,no
10711581,no,no
10718138,no,no
10718140,no,no
10718141,no,no
10725643,no,no
107338,yes,no
10738078,no,no
10746036,no,no
10751628,no,no
10751630,no,no
10753214,no,no
10757313,no,no
10757617,no,no
10761278,no,no
107651,no,no
10768221,no,no
10778432,no,no
10789180,no,no
10790640,no,no
10798694,no,no
10798695,no,no
10804635,no,no
10804995,no,no
10804997,no,no
10805005,no,no
10810388,no,no
10815634,no,no
10815635,no,no
10815636,no,no
10817512,no,no
10824536,no,no
10825133,no,no
10827791,no,no
10832277,no,no
1083382,no,no
10836418,no,no
10836422,no,no
10836436,no,no
10837940,no,no
10837968,no,no
10837970,no,no
10841392,no,no
10841398,no,no
10841417,no,no
10841418,no,no
10843097,no,no
10843102,no,no
10843197,no,no
10844866,no,no
10844868,no,no
10845009,no,no
10847117,yes,no
108497,no,no
10853741,no,no
10853742,no,no
10853743,no,no
10854321,no,no
10856966,no,no
10858115,no,no
10863068,no,no
10863083,no,no
10863084,no,no
10863085,no,no
10865313,yes,yes
10876625,no,no
10880919,yes,no
10881004,no,no
10889401,no,no
10892348,no,no
10897760,no,no
10900426,no,no
10901967,no,no
10901968,no,no
10902553,no,no
10902734,no,no
10902737,no,no
10902738,no,no
10903384,no,no
10903402,no,no
109157,no,no
10921198,no,no
10922199,yes,no
10923613,no,no
10923617,no,no
10924995,no,no
10924996,no,no
10924998,no,no
10924999,no,no
10928111,no,no
10930780,no,no
109366,no,no
10941528,no,no
10947125,no,no
10947126,no,no
10947262,no,no
10947274,no,no
10948406,no,no
10955768,no,no
10956437,no,no
10958188,no,no
10958190,no,no
10970043,no,no
10974459,no,no
10974460,no,no
10975494,no,no
10976863,no,no
10983693,no,no
10984215,no,no
10984218,no,no
10984226,no,no
10987019,no,no
10988324,no,no
109898,no,no
10993630,no,no
10994745,no,no
11008951,no,no
11008968,no,no
11008969,no,no
11011727,no,no
11022728,no,no
11023601,no,no
11023603,no,no
11024485,no,no
11025644,no,no
11026853,no,no
11033302,no,no
11039343,no,no
110473,no,no
110474,no,no
11057739,no,no
11072181,no,no
11072182,no,no
11082173,no,no
11083080,yes,no
11085533,no,no
11095147,no,no
11098858,no,no
11098905,no,no
11098906,no,no
11098920,no,no
11098925,no,no
11099186,no,no
11099188,no,no
11099192,no,no
11099193,no,no
11099204,no,no
11099205,no,no
11099206,no,no
11099208,no,no
110994,no,no
110995,no,no
11105032,no,no
11118762,no,no
11121223,no,no
11121635,no,no
11121647,no,no
11130007,no,no
11130950,no,no
11131480,no,no
11132544,no,no
11133047,no,no
11137795,no,no
11139758,no,no
11143228,no,no
11143528,no,no
11146903,no,no
11147889,no,no
11147901,no,no
11148372,no,no
1115979,no,no
11163502,no,no
11163518,no,no
11166871,no,no
11166873,no,no
11173125,no,no
11175663,no,no
11175668,no,no
11175674,no,no
11180139,no,no
11183921,no,no
11187024,no,no
11187344,no,no
11189942,no,no
11191851,no,no
11196355,no,no
11205256,no,no
11210156,no,no
11210157,no,no
11212880,no,no
11213917,no,no
11213920,no,no
11218034,no,no
11223617,no,no
11227786,no,no
11229714,no,no
11229715,no,no
11229727,no,no
11229735,no,no
11229739,no,no
11229741,no,no
11233832,no,no
11236924,no,no
11240247,no,no
11240250,no,no
11240479,no,no
11240495,no,no
11243334,no,no
11243340,no,no
11243341,no,no
11243342,no,no
11252238,no,no
11253681,no,no
11258845,no,no
11258847,no,no
11262914,no,no
11277215,no,no
11277216,no,no
11280760,no,no
11281204,no,no
11281525,no,no
11286851,no,no
11286852,no,no
11286853,no,no
11290467,no,no
11292131,no,no
11295113,no,no
11295213,no,no
11299770,no,no
11306447,no,no
11308247,no,no
11316569,no,no
11318312,no,no
11321486,no,no
11324954,no,no
11325485,no,no
11338762,yes,yes
11339758,no,no
11339768,no,no
11351958,no,no
11352764,no,no
11357507,no,no
11360550,no,no
113640,no,no
11367576,no,no
11369075,no,no
11370500,no,no
11370820,no,no
11380244,no,no
11384062,no,no
11388728,no,no
11393469,no,no
11393892,no,no
11395245,no,no
11395250,no,no
11403711,no,no
11404702,no,no
11404704,no,no
11404705,no,no
11404708,no,no
11406092,no,no
11408430,no,no
11417500,no,no
11417503,no,no
11417504,no,no
11417505,no,no
11417507,no,no
11417508,no,no
11418311,no,no
11436904,no,no
11439213,no,no
11439469,no,no
11439489,no,no
11439490,no,no
11439492,no,no
11439494,no,no
11439496,no,no
11441963,no,no
11445835,no,no
11446078,no,no
11448233,no,no
114506,no,no
11452820,no,no
11454715,no,no
11456016,no,no
11458430,no,no
11458640,no,no
114634,no,no
11464376,no,no
11466721,no,no
11473968,no,no
114746,no,no
11474935,no,no
11483321,no,no
11483338,no,no
11483348,no,no
11487857,no,no
11487861,no,no
11487862,no,no
11495825,no,no
11498420,no,no
11500131,no,no
11500135,no,no
11503569,no,no
11504311,no,no
115056,no,no
11505618,no,no
11505620,no,no
115060,no,no
115062,no,no
11507235,no,no
11512616,no,no
11515663,no,no
11516862,yes,no
11516863,yes,no
11525289,no,no
11537027,no,no
11537053,no,no
11537228,no,no
11538024,no,no
11538954,no,no
11538993,no,no
11538994,no,no
11539626,no,no
11539960,no,no
11539986,no,no
11540041,no,no
11540336,no,no
11542409,no,no
11542410,no,no
11542415,no,no
11542519,no,no
11542635,no,no
11542640,no,no
11542702,no,no
11542744,no,no
11542785,no,no
11542857,no,no
11545494,no,no
11545498,no,no
11547555,no,no
11548348,no,no
11554854,no,no
11556679,no,no
11565407,no,no
11567803,no,no
11567813,yes,no
11571018,no,no
11573801,no,no
11576451,no,no
11580169,no,no
11585217,no,no
11585222,no,no
11585223,no,no
11586108,no,no
11591022,no,no
11597644,no,no
11598478,no,no
11602008,no,no
11602010,no,no
11602012,no,no
11602013,no,no
11604052,no,no
11604068,no,no
11604069,no,no
11604078,no,no
11604088,no,no
116055,no,no
11605568,no,no
116102,no,no
1162054,no,no
11642302,no,no
11665383,no,no
11668006,no,no
11673294,yes,no
1167420,no,no
11674823,no,no
11674839,no,no
11677099,no,no
11677104,no,no
11680015,no,no
11680016,no,no
11686276,no,no
11686282,no,no
11687671,no,no
11695776,no,no
117009,no,no
11704309,no,no
11704461,no,no
11706510,no,no
11707030,no,no
11710239,no,no
11710775,no,no
11711678,no,no
11721355,no,no
11725448,no,no
11730999,no,no
11734643,no,no
11742905,yes,no
11743288,yes,no
11744989,no,no
11747542,no,no
11747997,no,no
11754457,no,no
11761097,no,no
11762031,no,no
11762033,no,no
117631,no,no
11763354,no,no
11765067,no,no
11765837,yes,no
11770519,no,no
11770521,no,no
11770522,no,no
11770529,no,no
11770531,no,no
11770533,no,no
11770534,no,no
11770536,no,no
11770538,no,no
11770547,no,no
11771543,no,no
11771546,no,no
11774388,no,no
11774579,no,no
11776261,no,no
11776982,no,no
11776988,no,no
11779358,no,no
11779363,no,no
11780619,no,no
11780622,no,no
11789279,no,no
117912,no,no
11793282,no,no
11797294,no,no
11801712,no,no
11803600,no,no
11818000,no,no
11820651,no,no
11840548,no,no
11843081,no,no
11843083,no,no
11843087,no,no
11843088,no,no
11843091,no,no
11844261,no,no
11845839,no,no
118479,no,no
118480,no,no
11865989,no,no
11865993,no,no
1186617,no,no
1187764,no,no
1187767,no,no
11893248,no,no
118947,no,no
11894891,no,no
11900193,no,no
11904989,yes,no
11905036,no,no
11912839,no,no
11922417,no,no
1192358,no,no
11931469,no,no
11934432,no,no
11936177,no,no
11936179,no,no
11936185,no,no
11937240,no,no
11941242,no,no
11941244,no,no
11941255,yes,no
11942042,no,no
11942375,no,no
11951659,no,no
11958653,no,no
11958897,yes,no
11962759,no,no
11965117,no,no
11965231,no,no
11977386,yes,no
11977390,no,no
11991121,no,no
11991132,no,no
11992384,no,no
11992397,no,no
11993940,no,no
11996053,no,no
11999160,no,no
12001667,no,no
12001956,no,no
12004622,no,no
12007939,yes,no
12007965,no,no
12011745,no,no
12017296,no,no
1201773,no,no
1201774,no,no
1201775,no,no
12020436,no,no
12023146,no,no
1202560,no,no
12025838,no,no
12029540,no,no
12030116,no,no
12032666,no,no
12033561,no,no
12033577,no,no
12033584,no,no
12036836,no,no
12040673,no,no
12040674,no,no
12041701,no,no
12049471,no,no
12056326,no,no
12061743,no,no
12063012,no,no
12063014,no,no
12064446,no,no
12069083,no,no
12079538,no,no
12082682,no,no
1208862,no,no
12088733,no,no
12094976,no,no
12094987,no,no
12094992,no,no
12095545,no,no
12095557,no,no
12095567,no,no
12095573,no,no
12101704,no,no
12101706,no,no
12102502,no,no
12108781,no,no
12112609,no,no
12113053,no,no
12118387,no,no
12118560,no,no
12120120,no,no
12122791,no,no
12128110,no,no
12128141,no,no
12148720,no,no
12164585,no,no
12167018,no,no
12171328,no,no
12171332,no,no
12173330,yes,no
12174881,no,no
12181748,no,no
12182972,no,no
12194265,no,no
12194272,no,no
12194274,no,no
12194280,no,no
12194282,no,no
12194313,no,no
12194321,no,no
12194326,no,no
12194351,no,no
12194357,no,no
12194758,no,no
12196251,no,no
12198179,no,no
12201413,no,no
12206985,yes,no
12208580,no,no
12222863,no,no
12235320,no,no
12241111,no,no
12242129,yes,no
12269248,no,no
12271129,no,no
1230119,no,no
12349914,no,no
12349931,no,no
12353260,no,no
12357555,no,no
12361225,no,no
12373325,no,no
12375449,no,no
12375822,no,no
12375823,no,no
12375824,no,no
12377335,no,no
12377347,no,no
12382775,no,no
12382781,no,no
12382784,no,no
12382794,no,no
12382882,no,no
12396708,no,no
12397521,no,no
12408310,no,no
12408319,no,no
12412369,no,no
12414656,no,no
12419456,no,no
12426833,no,no
12426839,no,no
12428919,no,no
12428924,no,no
12431970,yes,no
12443804,no,no
12445342,no,no
12450028,no,no
12452779,no,no
12455519,no,no
12459366,no,no
12462735,no,no
12462737,no,no
12469213,no,no
12470140,no,no
12470761,no,no
12474945,no,no
12475828,yes,no
12491055,no,no
12491058,no,no
12504059,no,no
12504770,no,no
12504776,no,no
12504845,no,no
12512716,no,no
12512728,no,no
12517067,no,no
12518101,no,no
12518103,no,no
12518541,no,no
12518984,no,no
12520230,no,no
12520235,no,no
12523887,yes,no
12527871,no,no
12530167,no,no
12530431,no,no
12530437,no,no
12534079,no,no
12536357,no,no
12539762,no,no
12539776,no,no
12539777,no,no
12545676,yes,no
12548635,no,no
12548788,no,no
12552872,no,no
12553344,no,no
12556326,no,no
12556344,no,no
12559516,no,no
12559517,no,no
12569012,no,no
12570025,no,no
12573766,no,no
12575440,no,no
12577294,no,no
12579796,no,no
12583138,no,no
12587395,no,no
12589459,no,no
12590322,no,no
12597247,no,no
12599579,no,no
12600243,no,no
12602442,no,no
12602558,no,no
12602559,no,no
12602560,no,no
12602561,no,no
12602562,no,no
12602563,no,no
12605963,yes,no
12605964,yes,no
12605965,no,no
1260703,no,no
12607847,no,no
12610868,yes,no
12614173,no,no
12616652,no,no
12619854,no,no
12622138,no,no
12623637,no,no
12637073,no,no
12648784,yes,no
12652619,yes,no
1265278,no,no
12654435,no,no
12654436,yes,no
12654444,no,no
12654453,no,no
12654455,no,no
12654457,no,no
12674241,no,no
12678382,no,no
12680787,no,no
12684232,no,no
12690299,no,no
12694818,yes,no
12694819,no,no
12694823,no,no
12694824,no,no
12694827,no,no
12694830,no,no
12694836,no,no
12694842,no,no
12694850,no,no
12695820,no,no
12696802,no,no
12696804,no,no
12707713,yes,no
12710872,no,no
12710880,no,no
12722810,no,no
12724692,no,no
12725130,no,no
12738304,no,no
12738314,yes,no
12738330,no,no
12740658,no,no
12740662,no,no
12741501,no,no
12742276,no,no
12746603,yes,yes
12747620,no,no
12749700,no,no
12749705,no,no
12751956,no,no
12754801,no,no
12764588,no,no
12769053,no,no
12777151,no,no
12779355,no,no
12787730,no,no
12789461,no,no
127916,no,no
12793738,no,no
12793745,no,no
12793752,no,no
12793754,no,no
12793756,no,no
12793767,no,no
12796609,no,no
12796613,no,no
12797554,no,no
12801129,no,no
12801131,no,no
12803114,no,no
12803549,no,no
12804705,no,no
12804706,no,no
12804708,no,no
12804711,no,no
12806792,no,no
12812446,no,no
12812449,no,no
12812450,no,no
12816523,no,no
12816524,no,no
12817942,no,no
12819605,no,no
12820374,no,no
12827259,no,no
12829151,no,no
12832870,no,no
12834689,yes,no
12834773,no,no
12835884,no,no
12839971,no,no
12841788,no,no
12841794,no,no
12845484,no,no
12851838,no,no
12852096,no,no
12852523,no,no
12852548,no,no
12852552,no,no
12852554,no,no
12853676,no,no
12854139,no,no
12865186,no,no
12869887,no,no
12870582,no,no
12872281,no,no
12873684,no,no
12874034,no,no
12878796,no,no
12879790,no,no
12885446,no,no
12902878,no,no
1290630,no,no
12908787,no,no
12910398,no,no
12914861,no,no
12918787,no,no
12918789,no,no
12920531,no,no
12921571,no,no
12924692,no,no
12924697,no,no
12926990,no,no
12934489,no,no
12943574,no,no
12945965,no,no
12945968,no,no
12945975,no,no
12945987,no,no
12945990,no,no
1294601,no,no
1295040,no,no
12953899,no,no
12953907,no,no
12954129,no,no
12954131,no,no
12954136,no,no
12960408,no,no
12968932,no,no
12971407,no,no
12972309,no,no
12972360,no,no
12974373,no,no
12974578,no,no
1300758,no,no
1310959,no,no
1310960,no,no
1310961,no,no
1310962,no,no
1310963,no,no
1310964,no,no
1310965,no,no
1310966,no,no
1310967,no,no
1310969,no,no
1310970,no,no
1310971,no,no
1310972,no,no
1310973,no,no
1311106,no,no
1311773,no,no
1314097,no,no
1319525,yes,no
1320182,no,no
1322502,no,no
1323252,no,no
1324392,no,no
1324469,no,no
1325044,yes,no
1329022,no,no
1335591,yes,no
1338755,no,no
1338776,no,no
1344744,no,no
1349625,no,no
1360077,no,no
1372817,no,no
1379747,no,no
1383847,no,no
1384330,no,no
13994,no,no
1406086,no,no
1411929,no,no
1422891,no,no
1429101,no,no
1429105,no,no
1432033,no,no
1435226,no,no
1437536,yes,no
1438684,no,no
1438927,no,no
1449618,no,no
14502061,no,no
14506143,no,no
14506189,no,no
14506190,no,no
14509949,no,no
14509952,no,no
14512192,no,no
14516105,no,no
14518112,no,no
14522354,no,no
14522355,no,no
14528976,no,no
14529301,no,no
14529302,no,no
14529303,no,no
14529304,no,no
14529305,no,no
14529306,no,no
14529308,no,no
14529309,no,no
14529763,no,no
14555344,no,no
14556931,no,no
14557809,no,no
14563433,no,no
14563437,no,no
14565727,no,no
14565824,no,no
14565832,no,no
14566480,no,no
14570257,no,no
14571451,no,no
14579859,no,no
14579890,no,no
14596312,no,no
14596320,no,no
14596505,no,no
14597536,no,no
14604415,no,no
1461200,no,no
1461201,no,no
1461206,no,no
1461208,no,no
1461209,no,no
14626847,no,no
14628125,yes,no
14629753,no,no
14630284,no,no
14630285,no,no
1463340,no,no
14652671,no,no
14652673,no,no
14652675,no,no
14653334,no,no
14653335,no,no
14653555,no,no
14655943,no,no
14659125,no,no
14673833,no,no
14679001,no,no
14679007,no,no
14680402,no,no
14682122,no,no
14682141,no,no
14684203,no,no
14685797,no,no
14690326,no,no
14697425,no,no
14697432,no,no
14699861,no,no
14705968,no,no
14710028,no,no
14712761,no,no
14712762,no,no
14727747,no,no
14732953,no,no
14735370,no,no
14743464,yes,no
14747958,no,no
14751534,no,no
14751537,yes,no
14753497,no,no
14758129,no,no
14762662,yes,no
14767652,no,no
1481120,no,no
1485904,no,no
1485913,no,no
14870772,yes,no
149099,no,no
14960644,no,no
1496450,no,no
14967427,no,no
14968076,yes,no
14968940,no,no
14970939,no,no
14971563,no,yes
14971771,no,no
14978289,no,no
14978291,no,no
14978943,no,no
14980401,no,no
14981193,no,no
14981902,no,no
14982227,no,no
14983131,no,no
14984841,no,no
14988888,no,no
14991206,no,no
14994546,no,no
14995059,no,no
14995063,no,no
15000602,no,no
15000625,no,no
15000626,no,no
15004578,no,no
15005166,no,no
15014030,yes,no
15015785,no,no
15018309,no,no
1502329,no,no
1502330,no,no
1502331,no,no
1502332,no,no
15046169,no,no
15046647,no,no
15049021,no,no
15049023,no,no
15050341,no,no
15050354,no,no
15053169,no,no
15064956,no,no
15067418,yes,no
15070061,no,no
15070065,no,no
15070066,no,no
15070204,no,no
15070205,no,no
15070247,no,no
15070261,no,no
15073253,no,no
15083676,no,no
15086969,no,no
15093814,no,no
15098135,no,no
15103060,no,no
15104004,no,no
15104005,no,no
15104006,no,no
15104007,no,no
15104008,no,no
15104009,no,no
15104010,no,no
15104012,no,no
15104330,no,no
15106009,no,no
15110447,yes,no
15110455,no,no
15110457,no,no
15110458,no,no
15112303,no,no
15118513,no,no
15121377,no,no
15123612,no,no
15124541,no,no
15124542,no,no
15124543,no,no
15124550,no,no
15124554,no,no
15124555,no,no
15124994,no,no
15125011,no,no
15131055,no,no
15137602,no,no
15142462,no,no
15145147,yes,no
15145175,yes,no
15145511,no,no
15147217,no,no
15152686,no,no
15152688,no,no
15152689,no,no
15152690,no,no
15152695,no,no
15152923,no,no
15152933,no,no
15152934,no,no
15158371,no,no
15161352,no,no
15161372,no,no
15161444,no,no
15162031,no,no
15162039,no,no
15162041,no,no
15162042,no,no
15162046,no,no
15169816,no,no
15172138,no,no
15172139,no,no
15175871,no,no
15183491,no,no
15183783,yes,no
15191314,no,no
15191753,no,no
15195129,no,no
15196734,no,no
15197332,no,no
15202533,no,no
15205248,no,no
15211886,yes,no
15214538,no,no
1522010,no,no
1522012,no,no
15225598,no,no
15229268,no,no
15234029,no,no
15234046,no,no
15240541,no,no
15241529,yes,no
15246366,no,no
15254320,no,no
15259652,no,no
15259663,no,no
1526094,no,no
15261496,no,no
15261625,no,no
15266097,no,no
15273348,no,no
15275734,yes,no
15275740,no,no
15276173,no,no
15285249,no,no
15285251,no,no
15285266,no,no
15289722,yes,no
15289857,no,no
15297132,no,no
15303499,no,no
15304668,no,no
15304960,no,no
15305456,no,no
15308136,no,no
15308137,no,no
15308138,no,no
15308149,no,no
15308150,no,no
15308152,no,no
15308161,no,no
15308182,no,no
15308187,no,no
15308192,no,no
15309254,no,no
15309385,no,no
15312383,no,no
15312390,no,no
15313712,no,no
15315311,no,no
1531877,no,no
15329026,no,no
15332998,no,no
15337573,no,no
15341434,no,no
15341435,no,no
15341447,no,no
15341984,no,no
15345742,no,no
15350039,no,no
15352605,no,no
15353639,no,no
15353710,no,no
15353714,no,no
15353716,no,no
15353722,no,no
15353723,no,no
15353726,no,no
15353728,no,no
15353729,no,no
15353730,no,no
15353740,no,no
15353751,no,no
15353753,no,no
15353754,no,no
15355901,yes,no
15357180,no,no
15357188,no,no
15357191,no,no
15357194,no,no
15357203,no,no
15357204,no,no
15362695,no,no
15367767,no,no
15370970,no,no
1537198,no,no
15375492,no,no
15377084,no,no
15377091,no,no
15377093,no,no
15379019,no,no
15380567,yes,no
15380596,no,no
15380598,no,no
15384938,no,no
15390311,no,no
15446793,no,no
15446796,no,no
15446798,no,no
15446799,no,no
15446800,no,no
15446802,no,no
15446805,no,no
15462415,no,no
15462420,no,no
15462423,no,no
15465192,no,no
15465213,no,no
15465468,no,no
15468893,no,no
15470909,no,no
15470926,no,no
15470933,no,no
15470934,no,no
15477458,no,no
15483754,yes,no
15486383,yes,no
15491710,yes,no
1549442,no,no
15508084,yes,no
15508895,no,no
15509065,no,no
15519783,yes,no
15519805,no,no
15522182,no,no
15528071,no,no
15530538,no,no
1553391,no,no
15542173,no,no
15543785,no,no
15543788,no,no
15543798,no,no
15547758,no,no
15551530,no,no
15551550,no,no
15551574,no,no
15552077,no,no
15552078,no,no
15552085,no,no
15552095,no,no
15552109,no,no
15552110,no,no
15552122,no,no
15552412,no,no
15553746,no,no
1555954,no,no
15562445,no,no
15566680,no,no
15574207,yes,no
15575836,no,no
15577593,no,no
15586882,no,no
15587647,no,no
15587667,no,no
15588869,no,no
15595641,no,no
15599810,no,no
1560880,no,no
1560887,no,no
15609564,no,no
15615763,no,no
1562251,yes,no
15623886,no,no
15624314,no,no
15629597,yes,no
15629600,no,no
15629617,no,no
15635258,no,no
15636684,no,no
15637691,no,no
15640792,no,no
15641104,no,no
15642191,no,no
15648155,no,no
15653646,no,no
15653670,no,no
15656273,no,no
1565704,no,no
15658897,no,no
15660187,no,no
15660193,no,no
15665286,no,no
15667972,yes,no
15667979,no,no
15667981,no,no
15668650,no,no
15670895,no,no
15678183,no,no
15679245,no,no
15681604,no,no
15683669,no,no
15688009,no,no
15690508,no,no
15691572,yes,no
15695796,no,no
1569877,no,no
15700835,no,no
15701271,no,no
15702295,no,no
15704099,no,no
1570451,no,no
15706141,no,no
15708272,no,no
15708275,no,no
15713741,no,no
15714980,no,no
15715430,no,no
15719313,no,no
15719949,no,no
15719952,no,no
15719967,no,no
15719968,no,no
15719970,no,no
15719979,no,no
15723001,no,no
1572828,no,no
1572836,no,no
15736320,no,no
15738926,no,no
15742943,no,no
15742944,no,no
15742946,no,no
1574594,no,no
15755774,no,no
15763196,no,no
15763259,no,no
15763472,no,no
15764397,no,no
15770608,no,no
15773720,no,no
15773721,no,no
15773729,no,no
15774777,yes,no
15778580,no,no
15789592,no,no
15789595,no,no
15791436,no,no
15798256,no,no
15798257,no,no
15798258,no,no
15798261,no,no
15798263,no,no
15798267,no,no
15798268,no,no
15798269,no,no
15798270,no,no
15798271,no,no
15798272,no,no
15798273,no,no
15798275,no,no
15798280,no,no
15798329,no,no
15799619,no,no
15800346,no,no
15802867,no,no
15812657,no,no
15818481,no,no
15820766,no,no
15823599,no,no
15830288,yes,no
1584117,no,no
1584118,no,no
1584120,no,no
1584123,no,no
1584127,no,no
15841373,no,no
1584365,no,no
15843752,no,no
1584571,yes,no
15850415,no,no
15850901,no,no
15858344,no,no
15858345,no,no
15858346,no,no
15858389,no,no
15858391,no,no
15860804,no,no
15866464,no,no
15869724,no,no
15878195,no,no
15881649,no,no
15884182,no,no
15885828,no,no
15887213,no,no
15890101,no,no
15890111,no,no
15890422,no,no
15890592,yes,no
15891493,no,no
15891958,no,no
15895573,no,no
15895576,no,no
15895580,no,no
15895592,no,no
15895600,no,no
15895601,no,no
15897579,yes,no
15900053,no,no
15913400,no,no
15919125,no,no
15925982,no,no
15930333,no,no
15930601,no,no
15934200,no,no
15934205,no,no
15937907,yes,yes
1594223,yes,no
15946583,no,no
1594762,no,no
15948789,no,no
15949110,no,no
15950401,no,no
15961843,no,no
15962759,no,no
15968616,no,no
15971300,no,no
15971301,no,no
15971302,no,no
15971303,no,no
15971304,no,no
15971306,no,no
15971307,no,no
15971308,no,no
15971310,yes,no
15971311,no,no
15971314,no,no
15971315,no,no
15971316,no,no
15971317,no,no
15971318,no,no
15971319,no,no
15971320,no,no
15971323,no,no
15971324,no,no
15971325,no,no
15971330,no,no
15971331,no,no
15971334,no,no
15971337,no,no
15971338,no,no
15971339,no,no
15971340,no,no
15971341,no,no
15971342,no,no
15971343,no,no
15971344,no,no
15974560,no,no
15979920,yes,no
15981284,yes,no
1598134,no,no
15984140,no,no
15984676,no,no
15984681,no,no
1598659,no,no
15987440,no,no
15990026,no,no
15990247,yes,no
15992703,no,no
15992953,no,no
15993548,no,no
15995838,no,no
15996873,no,no
16008078,no,no
16011138,no,no
16013701,no,no
16013706,no,no
16013720,no,no
16013722,no,no
16013738,no,no
16019936,no,no
16029058,no,no
16029782,no,no
16029800,yes,no
16029801,no,no
16029809,no,no
16037682,no,no
1604004,no,no
16043224,no,no
16075489,no,no
16077220,no,no
16077232,no,no
16078815,no,no
16085579,no,no
16085599,no,no
16088382,no,no
16091400,no,no
16096529,no,no
16097558,no,no
16097559,no,no
16110106,no,no
16111578,yes,no
16112468,no,no
16122932,no,no
1612963,no,no
16133022,yes,no
16133454,no,no
16137201,no,no
16137720,no,no
16138338,no,no
16142479,no,no
16143794,no,no
16144946,no,no
16148397,no,no
16155144,no,no
16160131,yes,yes
16161262,no,no
16162670,no,no
16163204,no,no
16165913,no,no
16165914,no,no
1616598,no,no
16167079,no,no
16168114,no,no
16168129,no,no
16168831,no,no
16168832,no,no
16168833,yes,no
16172969,no,no
16177508,no,no
16182466,yes,no
16187757,no,no
16187760,no,no
16187761,no,no
16187763,no,no
16187785,no,no
16189526,no,no
16193785,no,no
16199324,no,no
1620036,no,no
1620040,no,no
1620042,no,no
1620045,no,no
1620046,no,no
1620049,no,no
16201559,no,no
16204876,no,no
16204877,no,no
1620888,no,no
16209188,no,no
16217197,no,no
16219141,no,no
16219822,no,no
16220406,no,no
16223173,no,no
16227160,yes,no
1622850,no,no
1623449,no,no
16237232,no,no
16237235,no,no
16237243,no,no
16238140,no,no
16238445,no,no
16242331,no,no
16247432,no,no
16248771,no,no
16249762,yes,no
16249818,no,no
16249819,no,no
16250467,no,no
1625509,no,no
16257131,no,no
16257557,no,no
16264250,no,no
16264827,no,no
16266096,no,no
16267011,no,no
16278470,no,no
16279062,no,no
16292889,no,no
16294207,yes,no
16296803,no,no
16296877,no,no
16306632,no,no
16306644,no,no
16306646,no,no
16306647,no,no
16306658,no,no
16306659,no,no
1631193,no,no
16314345,yes,no
16317298,no,no
16319520,no,no
16319599,no,no
16321896,no,no
16330119,no,no
16330571,no,no
16330576,no,no
16331167,no,no
16332585,no,no
16332586,no,no
16332591,no,no
16332592,no,no
16332593,no,no
16332594,no,no
16332595,no,no
16332596,no,no
16332597,no,no
16332598,no,no
16332599,no,no
16332601,no,no
16332602,no,no
16333158,no,no
16333159,no,no
16334397,yes,no
1633443,no,no
1633444,no,no
1633445,no,no
1633451,no,no
1633455,no,no
1633456,no,no
16340609,no,no
16340848,no,no
16357425,no,no
16358998,no,no
16359743,no,no
16361217,no,no
16362787,no,no
16362788,no,no
16370416,no,no
16370421,no,no
16370427,no,no
16370429,no,no
16370431,no,no
16372413,no,no
16372417,no,no
16374542,no,no
16376492,yes,no
16381704,no,no
16381705,no,no
16381706,no,no
16381775,no,no
16381776,no,no
16381792,no,no
16381794,no,no
16394632,no,no
16401797,no,no
16404516,no,no
16409115,no,no
16410818,yes,no
16414089,no,no
16414376,no,no
1641479,no,no
16421401,no,no
16421408,no,no
16422350,no,no
16422352,no,no
16424573,no,no
16424586,no,no
16424589,no,no
1642583,no,no
16435912,no,no
16435921,no,no
1643637,no,no
16440571,no,no
16454333,no,no
1645480,no,no
16457247,no,yes
16458447,yes,no
16460768,no,no
16461512,no,no
16463998,no,no
16465415,no,no
16475707,no,no
16475750,no,no
16475756,no,no
16475781,no,no
16475784,no,no
16481690,no,no
16484153,no,no
16484852,no,no
16485544,no,no
16488552,no,no
1649484,no,no
16498040,no,no
16499726,no,no
16500683,no,no
16506497,no,no
16510958,no,no
16510961,no,no
1651308,no,no
16516239,no,no
16517568,no,no
16525679,no,no
1652673,no,no
16529539,no,no
16532930,no,no
16532940,no,no
16532941,no,no
16532962,no,no
16537190,no,no
16541431,no,no
16543700,yes,no
16546683,no,no
16546904,no,no
16546909,no,no
16547899,no,no
16551127,no,no
16551128,no,no
16551129,no,no
16551525,no,no
16552104,no,no
16552114,no,no
16552261,no,no
16552967,no,no
1656180,no,no
16563656,yes,no
1657115,yes,no
16579538,no,no
16580494,no,no
16580495,yes,no
16580508,no,no
16580556,no,no
16580557,no,no
16582516,no,no
16583665,no,no
1658533,no,no
16585717,no,no
16585718,no,no
16585839,no,no
16585841,no,no
16604629,no,no
16604649,no,no
16604677,no,no
16604679,no,no
16606875,no,no
16609033,yes,yes
16612151,yes,no
16612152,no,no
16613538,no,no
1661367,no,no
1661368,no,no
16618572,no,no
16622753,no,no
16625028,no,no
16625032,no,no
16625037,no,no
1662525,no,no
16626894,yes,no
16630407,no,no
16630525,no,no
16632629,no,no
16637062,no,no
1664016,no,no
16644062,no,no
16644954,no,no
16644964,no,no
16646108,no,no
16647221,yes,no
16648104,no,no
16651585,no,no
1665391,no,no
1666779,no,no
16669704,no,no
1667045,no,no
16672133,no,no
16678505,no,no
1668055,no,no
16682145,no,no
16685977,no,no
16690593,no,no
16696460,no,no
16697804,no,no
16700315,no,no
16700624,no,no
167027,no,no
16703499,no,no
16703744,no,no
1671067,no,no
16711485,no,no
16714755,no,no
16715713,no,no
1671694,no,no
16721565,no,no
16723767,no,no
16723779,no,no
16723888,no,no
16730137,no,no
16734401,no,no
16734403,no,no
16734404,no,no
16734406,no,no
16734411,no,no
16734412,no,no
16735573,no,no
16737624,no,no
16741311,no,no
16750004,no,no
16751068,no,no
16751074,no,no
1675235,no,no
1675601,no,no
16757128,yes,no
16757855,no,no
16760756,no,no
16769837,no,no
16790911,no,no
16790912,no,no
16793501,no,no
1680140,no,no
16802872,no,no
16804876,no,no
16804931,yes,no
16815885,no,no
1681880,no,no
16819322,no,no
16823304,no,no
16824776,no,no
16824973,no,no
16825746,no,no
16825747,no,no
16825748,no,no
16825750,no,no
16826355,no,no
16826358,no,no
16836035,no,no
16846974,no,no
16854483,no,no
16854960,no,no
16859000,no,no
16859948,no,no
16861119,no,no
16863934,no,no
16865512,no,no
16866571,no,no
16872076,no,no
16872081,no,no
16877471,no,no
16878580,no,no
16882620,no,no
16882999,no,no
16883015,no,no
16885627,no,no
16887287,no,no
16887485,no,no
16888407,yes,yes
16888551,no,no
16896590,no,no
16896663,no,no
16898436,no,no
16898437,no,no
16898438,no,no
16898439,no,no
16898445,no,no
16898451,no,no
16898456,no,no
16898459,no,no
16898464,no,no
16909103,no,no
16912009,no,no
16912368,no,no
16912373,no,no
16912375,no,no
16912388,no,no
16913005,no,no
16916557,no,no
16918311,no,no
1691867,no,no
16923548,no,no
16935343,no,no
16949695,no,no
16949766,no,no
16953035,no,no
16953667,no,no
16954052,no,no
16955037,no,no
16965656,no,no
16965663,no,no
16965664,no,no
16965667,no,no
16966066,no,no
16966873,no,no
16971008,yes,no
16972348,no,no
16973228,no,no
16979840,yes,no
16980677,no,no
16985272,no,no
16985273,no,no
16985275,no,no
16988624,no,no
16999602,no,no
17001787,no,no
17005469,no,no
17007551,no,no
17010908,no,no
17011445,yes,no
17016433,no,no
17019032,no,no
17020097,no,no
17020098,no,no
17022220,no,no
17022221,no,no
17022247,no,no
17022250,no,no
17025269,no,no
17035061,no,no
17040619,no,no
17043629,no,no
1704715,no,no
17047262,no,no
17047265,no,no
17050015,no,no
17050017,yes,no
17056193,no,no
17062709,no,no
17065472,no,no
1706632,no,no
17072519,no,no
17072522,no,no
17072523,no,no
17084540,yes,no
17084557,yes,no
17085946,no,no
17089052,no,no
17089832,no,no
17089834,no,no
17089836,no,no
17089853,no,no
17089854,no,no
17094913,no,no
17110771,no,no
17110773,no,no
17115228,no,no
17116822,yes,no
17118845,no,no
17118846,no,no
17118851,no,no
17119885,no,no
17119996,no,no
17121758,no,no
17126214,no,no
17126216,no,no
17126218,no,no
17126219,no,no
17127180,no,no
17127682,no,no
17131704,no,no
17132661,no,no
17132662,no,no
17133723,no,no
17133938,no,no
17141971,yes,no
17142820,no,no
17144440,no,no
17145723,no,no
17145727,no,no
17145729,no,no
17148768,no,no
17148817,no,no
17148822,no,no
17148826,no,no
17149578,yes,no
17149972,no,no
17151009,no,no
17158120,no,no
17159851,no,no
17161555,yes,no
17162816,no,no
17164279,no,no
17164283,no,no
17166874,no,no
17166875,no,no
17170863,no,no
17182605,no,no
17183121,no,no
17183123,no,no
17183134,no,no
17183143,no,no
17197125,no,no
17202615,no,no
17202616,no,no
17202628,no,no
17202630,no,no
1720868,no,no
17213223,no,no
17218367,no,no
17222475,no,no
17225047,no,no
17225946,no,no
17228110,no,no
17228111,no,no
17228117,no,no
17229785,no,no
17233123,no,no
17236979,no,no
17237011,no,no
17237947,no,no
17240633,no,no
17251247,no,no
17254532,no,no
17256176,no,no
17256181,no,no
17264362,no,no
17264375,no,no
17264376,no,no
17264380,no,no
17265150,no,no
17268338,no,no
17276997,no,no
17278503,no,no
17278504,no,no
17278798,no,no
17278813,no,no
17278814,no,no
17293232,yes,no
17293240,no,no
17295082,no,no
17303194,no,no
17307126,no,no
1731120,no,no
1731160,no,no
17311699,no,no
173141,no,no
17316070,no,no
17316073,no,no
17317975,no,no
17317976,no,no
17318002,no,no
17324531,no,no
17326046,no,no
17327648,no,no
17327651,no,no
17327656,no,no
17327658,no,no
17340074,no,no
17350944,no,no
17350945,no,no
17350951,no,no
17351504,no,no
17351803,no,no
17357428,no,no
17363188,yes,no
17363549,no,no
17374919,no,no
17374923,no,no
17375774,no,no
17375977,no,no
17379089,no,no
17379439,yes,no
17383761,no,no
17383762,no,no
17388153,no,no
17388166,no,no
17388175,no,no
17388177,no,no
17390727,no,no
17398027,yes,no
17401623,no,no
17403623,no,no
1740393,yes,no
1740396,no,no
17404028,no,no
17404029,no,no
17407386,no,no
17409834,no,no
1741418,no,no
17414463,no,no
17435376,no,no
17436568,no,no
17440247,no,no
17441029,no,no
17441238,no,no
17441241,no,no
17441253,no,no
17441254,no,no
17441270,no,no
17443338,no,no
17444406,no,no
17448588,yes,no
17449195,no,no
17449442,no,no
17450062,no,no
17450365,no,no
17455391,no,no
17459607,yes,no
17459608,no,no
17472885,no,no
17472886,no,no
17472892,no,no
17473350,no,no
17474787,no,no
17474788,no,no
17476135,no,no
17476139,yes,no
17482768,yes,no
17483342,no,no
17485918,no,no
17486133,no,no
17490770,no,no
17499373,no,no
17499374,no,no
17500444,no,no
17500475,no,no
17500481,no,no
17502116,no,no
17505081,no,no
17505091,no,no
17505093,no,no
17505102,no,no
17507814,no,no
17508599,no,no
17511301,no,no
17513063,no,no
17515661,no,no
17518376,no,no
17520187,no,no
17520213,no,no
17523847,no,no
17524568,yes,no
17524633,no,no
17525911,no,no
17535029,no,no
17536011,no,no
1753891,no,no
1753906,no,no
1753909,no,no
1753914,no,no
17543610,no,no
17544003,no,no
17544596,no,no
17544599,no,no
17545621,no,no
17545801,no,no
17551794,no,no
17555248,no,no
17555250,no,no
17560616,no,no
17568545,no,no
17592446,no,no
17592449,no,no
17592453,no,no
17592454,no,no
17592457,no,no
17604673,no,no
17606333,yes,no
17607289,no,no
17607967,no,no
17613123,no,no
17613128,no,no
17629224,no,no
17630917,no,no
1763443,no,no
17634645,no,no
17637397,no,no
17637400,no,no
17637536,no,no
17641522,no,no
17647249,no,no
17651044,no,no
17653805,no,no
1766323,no,no
17664545,no,no
17664549,no,no
17664550,no,no
17664565,no,no
17664579,no,no
17664585,no,no
17664587,no,no
17664588,no,no
17664589,no,no
1766542,no,no
17668947,no,no
17668948,no,no
17668949,no,no
17668950,no,no
17668951,no,no
17668952,no,no
17668953,no,no
17668954,no,no
17668955,no,no
17668956,no,no
17668957,no,no
1767567,no,no
17676951,no,no
17680219,no,no
17683406,no,no
17684077,no,no
17684582,no,no
17687492,no,no
17690534,no,no
17700259,no,no
17704329,no,no
17704400,no,no
17704408,no,no
17705636,no,no
17707276,no,no
17707280,no,no
17707286,no,no
17709223,no,no
1771261,no,no
17720670,no,no
17722844,no,no
17725213,no,no
1776122,no,no
17762090,no,no
17767036,no,no
17768168,no,no
1782617,no,no
17827185,no,no
17867497,no,no
17867499,no,no
17875796,no,no
17878101,no,no
17879776,no,no
17879783,no,no
17879784,no,no
17879787,no,no
17879790,no,no
17879794,no,no
17881812,no,no
17889276,no,no
17902356,no,no
17909348,no,no
17909354,yes,no
17917408,no,no
1792085,no,no
17921573,no,no
17921580,no,no
17921728,no,no
1792328,no,no
17926946,no,no
17926947,no,no
17935286,no,no
17948183,no,no
17951847,no,no
17951858,no,no
17955849,no,no
17967297,no,no
17967305,no,no
17967323,no,no
17973558,no,no
17978670,no,no
17985617,no,no
17985620,no,no
17985621,no,no
17985625,no,no
17985628,no,no
17985638,no,no
17985641,no,no
17985645,no,no
17987800,no,no
18025519,no,no
18035214,no,no
18035219,no,no
18056433,no,no
18072485,no,no
18072486,no,no
18072504,no,no
18072513,no,no
1808645,no,no
1808652,no,no
1808653,no,no
1808655,no,no
1808656,no,no
181395,no,no
1819202,no,no
1821201,no,no
1822636,no,no
1823356,no,no
1826713,no,no
1837231,no,no
1837766,no,no
1845815,no,no
1846983,no,no
1848941,no,no
1852920,no,no
1854616,no,no
1858014,no,no
1869467,no,no
1869468,no,no
1870490,no,no
1871308,no,no
1886358,no,no
1890057,no,no
1896039,no,no
1898536,yes,no
1899490,no,no
1900944,no,no
1901130,no,no
1901172,no,no
1902272,no,no
1904236,no,no
1904237,no,no
1904411,no,no
1904412,no,no
1904530,no,no
1904583,no,no
1904584,no,no
1904794,yes,no
1907029,no,no
1907311,no,no
1907829,no,no
1907830,no,no
1907831,no,no
1907957,no,no
1907960,no,no
1908045,no,no
1908047,no,no
1908104,no,no
1908406,no,no
1909466,no,no
1910470,no,no
1910474,no,no
1913044,no,no
1921876,no,no
1921884,no,no
1921891,no,no
1924761,no,no
1924864,no,no
1936050,no,no
1942800,no,no
1945786,no,no
1947210,no,no
1948217,no,no
1948643,no,no
1962279,no,no
1962280,no,no
1962856,no,no
1964214,no,no
1964215,no,no
1969909,no,no
1970992,no,no
1973428,no,no
1977832,no,no
1978856,no,no
1996050,no,no
1996064,no,no
1999768,no,no
2000451,no,no
2000897,no,no
2004953,yes,no
2004959,no,no
2008173,no,no
2011227,no,no
2020734,no,no
2020756,no,no
2023760,no,no
2028044,no,no
203251,no,no
2034114,no,no
20409746,no,no
2055587,no,no
205754,no,no
2061127,no,no
2068164,no,no
2068340,no,no
2069876,no,no
2070187,no,no
207145,no,no
2080381,no,no
2090338,no,no
2105535,no,no
2105536,no,no
2106608,no,no
2106609,no,no
2106610,no,no
2106612,no,no
2106613,no,no
2106614,no,no
2107561,no,no
2108474,no,no
2108476,no,no
2109357,no,no
2110284,no,no
2110285,no,no
2110606,no,no
2111565,no,no
2114647,no,no
2114655,no,no
2115034,no,no
2117228,no,no
2117229,no,no
2117230,no,no
2118170,no,no
2118360,no,no
2118361,no,no
2118362,no,no
2118491,no,no
2120158,yes,no
2120160,no,no
2120162,no,no
2120163,no,no
2120379,no,no
2120558,no,no
2120559,no,no
2120560,no,no
2120780,no,no
2120783,no,no
2120784,no,no
2121154,no,no
2122197,no,no
2123504,no,no
2124375,no,no
2126336,no,no
2126869,no,no
2131396,no,no
2136179,no,no
2146460,no,no
2154042,no,no
2154044,no,no
2154045,no,no
2154046,no,no
2154047,no,no
2154048,no,no
2154049,no,no
2154050,no,no
2154314,no,no
2154365,no,no
2154829,no,no
2155367,no,no
2157238,no,no
2157239,no,no
2157240,no,no
2157383,no,no
2157915,yes,no
2158230,no,no
2158655,no,no
2160574,no,no
2161162,no,no
2165209,no,no
2165739,yes,no
2167461,no,no
2167496,no,no
2171547,no,no
21721870,no,no
2173134,no,no
2175455,no,no
2176191,no,no
2176455,no,no
2176456,no,no
2176457,no,no
2184409,no,no
2189844,no,no
2191236,no,no
2193610,no,no
2195177,no,no
2195585,no,no
2195685,no,no
219697,no,no
2199419,no,no
2207362,no,no
2216195,no,no
22185864,no,no
2222769,no,no
2223971,no,no
2233582,no,no
2236506,no,no
2244022,no,no
2251398,no,no
2251406,no,no
2251407,no,no
2251411,no,no
2251412,no,no
22561285,no,no
2260008,no,no
2260011,no,no
2268242,no,no
2277832,no,no
2287629,no,no
228823,no,no
2288343,no,no
22951923,no,no
2300885,no,no
2300886,no,no
2300887,no,no
2302103,yes,no
230438,no,no
2304477,no,no
2308500,no,no
2308551,no,no
2315844,no,no
2321950,no,no
232501,no,no
2326738,no,no
2330543,no,no
2330686,no,no
2343082,no,no
2343148,no,no
2343151,no,no
2349539,no,no
2354401,no,no
2356295,no,no
2356303,no,no
2359429,no,no
2363104,no,no
2363106,no,no
2363107,no,no
2366455,no,no
2366817,no,no
2372848,no,no
2374681,yes,yes
2380081,no,no
2380084,no,no
2382211,no,no
2402555,no,no
2404918,no,no
2405531,no,no
2405532,no,no
2405533,no,no
2408725,no,no
2416097,no,no
2419816,yes,no
2426616,yes,no
2431614,yes,no
2435666,no,no
2454905,no,no
2458123,no,no
2465567,no,no
2486480,no,no
2492268,no,no
2493437,no,no
2493438,no,no
2494709,no,no
2494725,no,no
2494730,no,no
2494731,no,no
2494745,no,no
2494748,no,no
2495701,no,no
2496282,no,no
2496803,no,no
2497314,no,no
2497315,no,no
2497316,no,no
2497317,no,no
2497318,no,no
2497319,no,no
2498989,no,no
2502510,no,no
2504433,no,no
2504664,no,no
2505029,no,no
2505030,no,no
2505031,no,no
2505032,no,no
2505305,no,no
2506156,yes,no
2506158,no,no
2506900,no,no
2508250,no,no
2509863,no,no
2511397,no,no
2511399,no,no
2511609,no,no
2512160,no,no
2512402,no,no
2513293,no,no
2513822,no,no
2513825,no,no
2513831,no,no
2514442,no,no
2526053,no,no
2535872,yes,no
2536697,no,no
2537482,no,no
2539000,no,no
2539487,no,no
2539610,no,no
2540476,no,no
2540542,no,no
2540543,no,no
2541326,no,no
2542198,no,no
2542199,no,no
2543001,no,no
2543089,no,no
2543303,no,no
2544370,no,no
2544792,no,no
2548232,yes,no
2548234,no,no
2550395,yes,no
2550868,yes,no
2552402,no,no
2552480,no,no
2556876,no,no
2556877,no,no
2556878,no,no
2556879,no,no
2556954,no,no
2557310,no,no
2570814,no,no
2579050,yes,no
2579052,no,no
2580212,no,no
2581108,no,no
2599463,no,no
2608372,no,no
2609526,no,no
261593,no,no
2625780,no,no
2643595,no,no
2645543,no,no
2648180,no,no
2664546,no,no
2664919,no,no
2667285,no,no
2667317,no,no
2667321,no,no
2667322,no,no
2667327,no,no
2671570,no,no
2674343,no,no
2678078,no,no
2678547,no,no
2685710,yes,no
2688508,no,no
2690941,no,no
2692549,no,no
2695875,yes,yes
2699885,no,no
2700992,no,no
2701035,no,no
2701036,no,no
2701570,no,no
2711337,no,no
2711339,no,no
2711342,no,no
2711343,no,no
2712112,no,no
2719308,no,no
2722601,no,no
2722602,no,no
2738597,no,no
274004,no,no
274908,no,no
2750085,no,no
2751606,no,no
2751610,no,no
2753766,no,no
2757334,no,no
2761188,no,no
2762532,no,no
2770440,no,no
2782910,no,no
2798328,no,no
2798333,no,no
2799162,no,no
2799626,no,no
2801862,yes,no
2804895,no,no
2816019,no,no
2819218,no,no
2819362,no,no
2821339,no,no
2824778,no,no
2826833,no,no
2826834,no,no
2829614,no,no
2831169,no,no
2832357,no,no
2835933,no,no
2837092,no,no
2837896,no,no
2837999,no,no
2838717,no,no
2839437,no,no
2839438,no,no
2841533,no,no
2843486,yes,no
2843724,no,no
2844697,no,no
2845185,no,no
2845323,no,no
2845324,yes,no
2846478,no,no
2846983,no,no
2847453,no,no
2848234,no,no
2848788,no,no
2848958,yes,no
2853579,no,no
2855111,no,no
2880124,no,no
2912118,no,no
2916169,no,no
2916172,no,no
2918832,no,no
2921971,no,no
2921973,no,no
2921987,no,no
2927599,no,no
2953378,no,no
2979030,no,no
2980570,no,no
2983558,yes,yes
2983877,no,no
2984625,yes,no
2986397,no,no
2993322,no,no
3000326,no,no
3001203,no,no
3001382,no,no
3001636,no,no
3001867,no,no
3001976,yes,no
3001977,no,no
3003076,no,no
3003784,yes,no
3003785,no,no
3003787,no,no
3006439,no,no
3006647,no,no
3006648,yes,no
300727,no,no
3007915,no,no
3008670,no,no
3010758,no,no
3011694,no,no
3012809,no,no
3012962,no,no
3013793,no,no
3014415,yes,no
3014416,yes,no
3015845,no,no
3016360,yes,no
3021603,no,no
3021680,no,no
3022102,no,no
3022910,no,no
3023803,no,no
3024187,no,no
3028239,no,no
3032751,no,no
3034477,no,no
3035451,yes,no
3037793,no,no
3041153,no,no
3041154,no,no
3041155,no,no
3041156,no,no
3041157,no,no
3041158,no,no
3041159,no,no
3041160,no,no
3041161,no,no
3041162,no,no
3041163,no,no
3041164,no,no
3041165,no,no
3041166,no,no
3041168,no,no
3041169,no,no
3041170,no,no
3053538,no,no
3054621,no,no
3055840,no,no
3080141,no,no
3080388,no,no
3080390,no,no
3080391,no,no
3080801,no,no
3082810,no,no
3083438,no,no
3084928,no,no
3085247,no,no
3085250,no,no
3086255,no,no
3088595,no,no
3090411,no,no
3090722,no,no
3091316,no,no
3093417,no,no
3095893,no,no
3095894,no,no
3095941,no,no
3096405,no,no
3097450,no,no
3097465,no,no
3097960,no,no
3099144,no,no
3100482,no,no
3101214,no,no
3102414,no,no
3102416,no,no
3103107,no,no
3104739,no,no
3104740,no,no
3104744,no,no
3105101,no,no
3105547,no,no
3108740,no,no
3110536,no,no
3111500,no,no
3111992,no,no
3112170,no,no
3114182,no,no
3115871,no,no
3116553,no,no
3116554,no,no
3118420,no,no
3119968,no,no
3119969,no,no
3121889,no,no
3121890,no,no
3121893,no,no
3123868,no,no
3125401,no,no
3126848,no,no
3126849,no,no
3127663,no,no
3127664,no,no
3127666,no,no
3127667,no,no
3127668,no,no
3127669,no,no
3127908,no,no
3129177,no,no
3129385,no,no
3129667,no,no
3132732,yes,yes
3136305,no,no
3137525,no,no
3138208,yes,no
3138212,yes,no
3138219,no,no
3141759,no,no
3141760,no,no
3141978,no,no
3143692,no,no
3145391,no,no
3148128,no,no
3150811,no,no
3150933,no,no
3150934,no,no
3151253,no,no
3151255,no,no
3151256,no,no
3151257,no,no
315387,no,no
315388,no,no
315389,no,no
3165217,no,no
3185187,no,no
3191317,no,no
3194108,no,no
319896,no,no
3199516,no,no
3201000,no,no
3205124,no,no
3211042,no,no
3211044,no,no
3211045,no,no
3212046,no,no
3219494,no,no
3259560,no,no
3261519,no,no
3275599,no,no
3276655,no,no
3278400,no,no
3290171,no,no
3290800,no,no
3292470,no,no
3293112,no,no
3293113,no,no
3314384,no,no
3317477,no,no
3319936,no,no
3329856,no,no
3329858,no,no
3329860,no,no
3338915,no,no
3345489,no,no
3350726,yes,no
3350732,no,no
3352492,no,no
3353503,no,no
3357256,no,no
3367385,no,no
3375979,no,no
3383341,no,no
3383860,no,no
3384726,no,no
3386598,no,no
3386599,no,no
3386602,no,no
3394442,no,no
339539,no,no
3403315,yes,no
3404968,yes,no
3405136,no,no
3423300,no,no
3444908,no,no
3467500,yes,no
3484843,no,no
3487518,no,no
3499154,no,no
3500194,no,no
3510997,no,no
3515567,no,no
3518101,no,no
3523346,no,no
3528417,no,no
3532738,no,no
3537655,no,no
3540850,no,no
3544034,no,no
3549032,no,no
3549278,no,no
3550566,no,no
3551869,no,no
3561203,no,no
3571577,no,no
3574326,no,no
3574513,no,no
3586912,no,no
3587916,yes,no
3588676,no,no
3600229,no,no
3600517,no,no
3600524,no,no
3600530,no,no
3600533,no,no
3603365,no,no
3613590,no,no
3615576,no,no
3615582,no,no
3616427,no,no
3617603,no,no
3617766,no,no
3618720,no,no
3626033,no,no
3627007,no,no
3627008,no,no
3627712,no,no
3628481,no,no
3645695,no,no
3658830,no,no
3667382,no,no
3671495,no,no
3671503,no,no
3675290,no,no
3682108,no,no
3683131,no,no
3685098,no,no
3685099,no,no
3685249,no,no
3689006,no,no
3696065,no,no
3696073,no,no
3696074,no,no
3701388,no,no
3701392,no,no
3702818,no,no
3702824,no,no
3717245,no,no
371782,no,no
3721928,no,no
3736512,no,no
3737580,no,no
3749486,no,no
3763696,no,no
3763697,no,no
3764672,no,no
3767846,no,no
3771214,no,no
3779136,no,no
3786404,no,no
3791552,no,no
3814514,no,no
3815736,no,no
3819125,no,no
3831931,no,no
3842133,no,no
3842639,no,no
3867080,no,no
3867086,no,no
3867088,no,no
3872281,no,no
3883221,no,no
3884139,no,no
3900622,no,no
3915642,no,no
3917351,no,no
3917989,no,no
3918962,no,no
3918963,no,no
3918967,no,no
3918969,no,no
3918974,no,no
3919249,no,no
3919468,no,no
3919471,no,no
3919472,no,no
3919928,no,no
3920481,no,no
3920687,no,no
3921486,no,no
3921501,no,no
3923662,no,no
3923663,no,no
3924867,no,no
3924868,no,no
3925308,no,no
3925506,no,no
3926732,no,no
3927528,no,no
3930933,no,no
3933603,no,no
3933604,no,no
3934799,no,no
3935604,no,no
3937169,no,no
3937171,yes,no
3937172,no,no
3937173,no,no
3937175,no,no
3939513,no,no
3952143,no,no
3961513,no,no
3961674,no,no
3974524,no,no
3974532,no,no
3975275,no,no
3975443,no,no
3978069,no,no
3990697,no,no
3997600,no,no
4000073,no,no
4008290,yes,no
4011952,no,no
4020278,no,no
4021755,no,no
402196,no,no
4041419,no,no
4044342,no,no
4046993,no,no
4046997,no,no
4046999,no,no
4057906,no,no
405869,no,no
4061545,yes,no
4063646,no,no
4063717,no,no
4066066,no,no
4069325,no,no
406984,no,no
4070371,no,no
407624,no,no
4079869,no,no
4079870,no,no
4079871,no,no
4079875,no,no
4079876,no,no
4080820,no,no
4082208,no,no
4082213,no,no
408898,no,no
4089022,no,no
4089907,no,no
412049,no,no
412961,no,no
412962,no,no
413407,no,no
4162240,no,no
416314,no,no
416598,no,no
418507,no,no
4196726,no,no
4196727,no,no
4196728,no,no
4200230,no,no
4203944,no,no
4209206,no,no
4214365,no,no
4216458,no,no
4216459,no,no
4216500,no,no
4216911,no,no
4216988,no,no
4216992,no,no
4218290,no,no
4218881,no,no
4219255,no,no
423289,no,no
424515,no,no
424516,no,no
4325720,no,no
4340051,no,no
4345381,no,no
4363147,no,no
4366695,no,no
4374356,no,no
4375175,no,no
440041,no,no
440229,no,no
4431802,no,no
4462364,no,no
451143,no,no
451196,no,no
4525538,no,no
454238,no,no
4595340,no,no
459978,no,no
4621620,no,no
4622662,no,no
4623588,no,no
4624127,no,no
4624458,no,no
4627429,no,no
4659911,no,no
4662739,no,no
470566,no,no
472125,no,no
473255,no,no
4792265,no,no
4800969,no,no
4806528,no,no
4821590,no,no
4834163,no,no
4856753,no,no
4888450,no,no
489293,no,no
4910485,no,no
4959641,no,no
4959698,no,no
4960303,no,no
4964581,no,no
4964582,no,no
4966299,no,no
4966300,no,no
4975194,no,no
4975723,no,no
4980084,no,no
4981812,no,no
498344,no,no
4984631,no,no
4987287,no,no
4987511,no,no
4988996,no,no
4990702,no,no
499137,no,no
4996462,no,no
5004402,no,no
5006439,no,no
502780,no,no
504567,no,no
504574,no,no
5047594,no,no
505468,no,no
5072545,no,no
5260222,no,no
5264777,no,no
527052,no,no
528215,no,no
542604,no,no
5445533,no,no
545121,no,no
5473345,no,no
5539462,no,no
5551157,no,no
5559533,no,no
5610119,no,no
5653430,no,no
577025,no,no
5813975,no,no
5846631,no,no
5980824,no,no
5986864,no,no
600690,no,no
601222,no,no
6018850,no,no
6058655,no,no
6072039,no,no
6091029,no,no
6092309,no,no
6094074,no,no
6095608,no,no
6097953,no,no
6099406,no,no
6101129,no,no
6116287,no,no
6119744,no,no
6164832,no,no
6182979,no,no
6184031,no,no
6190434,no,no
6195818,no,no
6199897,no,no
6203175,no,no
6205232,no,no
6208176,no,no
623376,no,no
6242325,no,no
6245096,no,no
6246455,no,no
6248684,no,no
6251296,no,no
6251410,no,no
6252410,no,no
6252430,no,no
6252431,no,no
6252432,no,no
6252911,no,no
6255613,no,no
6256783,no,no
6261038,no,no
6264625,no,no
6264626,no,no
6267406,no,no
6267760,no,no
6271324,no,no
6275234,no,no
6275325,no,no
6275463,no,no
6282792,no,no
6283875,no,no
6284097,yes,no
6285803,no,no
6289037,no,no
6289219,yes,no
6292145,no,no
6294594,no,no
6296648,no,no
6298160,yes,no
6299032,no,no
6299503,yes,no
6300000,no,no
6300609,no,no
6303585,no,no
6304920,no,no
6305051,no,no
6305126,no,no
6305892,no,no
6306463,no,no
6306925,no,no
6308407,no,no
6309087,no,no
6310969,no,no
6311146,no,no
6311484,no,no
6314084,no,no
6314085,no,no
6314247,no,no
6316734,no,no
6316735,no,no
6316736,no,no
6316738,no,no
6316739,no,no
6316740,no,no
6316743,no,no
6316744,no,no
6316745,no,no
6316746,no,no
6317923,no,no
6318060,no,no
6318947,no,no
6319994,no,no
6320134,no,no
6323360,no,no
6323363,no,no
6324376,no,no
6326167,no,no
6326364,no,no
6329261,yes,no
6330488,no,no
6330772,no,no
634061,no,no
6347997,no,no
6357165,no,no
6363273,no,no
6372928,no,no
6374979,no,no
6375292,no,no
6378845,no,no
6387813,no,no
6387823,no,no
6402291,no,no
6403271,no,no
6403798,no,no
6403799,no,no
6403801,no,no
6404014,no,no
6405147,no,no
6405449,no,no
6405836,no,no
6407394,no,no
6408036,no,no
6408040,no,no
6408042,no,no
6408043,no,no
6408338,no,no
6408365,no,no
6410146,no,no
6410998,no,no
6411059,no,no
6412044,no,no
6412046,no,no
6412374,no,no
6416049,no,no
6417072,no,no
6417075,no,no
6418950,no,no
6419031,no,no
6419033,no,no
6419035,no,no
6419036,no,no
6420370,no,no
6422097,no,no
6422482,no,no
6423025,no,no
6423570,no,no
6425438,no,no
6426570,no,no
6427568,no,no
6427569,no,no
6429092,no,no
6429093,no,no
6429095,no,no
6429105,no,no
6429495,no,no
6429496,no,no
6429497,no,no
6429500,no,no
6429643,no,no
6429926,no,no
6430480,no,no
6430846,no,no
6431649,no,no
6432244,no,no
6433368,no,no
6433652,no,no
6433653,no,no
6433871,no,no
6434914,no,no
6434918,no,no
6434919,no,no
6434920,no,no
6435138,no,no
6435139,no,no
6435265,no,no
6436198,no,no
6436200,no,no
6436201,no,no
6436206,no,no
6436207,no,no
6436908,no,no
6437661,no,no
6438055,no,no
6438459,no,no
6438460,no,no
6438702,no,no
6439698,no,no
6439699,no,no
6439700,no,no
6439989,no,no
6439992,no,no
6439993,no,no
6439994,no,no
6439995,no,no
6439996,no,no
6439997,no,no
6440318,no,no
6441036,no,no
644594,no,no
6463209,no,no
6482851,no,no
6484198,no,no
6492670,no,no
6495357,no,no
6515666,no,no
6548288,no,no
6575109,no,no
6582912,no,no
6598018,no,no
6601079,no,no
6602790,no,no
6604709,no,no
6607229,no,no
6611866,no,no
6636214,no,no
6636216,no,no
6637875,yes,no
6647999,no,no
6653536,no,no
6657197,yes,no
665842,no,no
6662753,no,no
6679893,no,no
6679908,no,no
6688326,no,no
6692429,no,no
6695043,no,no
6697086,no,no
6701923,no,no
6704015,no,no
6717638,no,no
6718490,no,no
672056,no,no
672068,no,no
672069,no,no
6729857,no,no
6730766,no,no
6738899,no,no
6746352,no,no
6762086,yes,no
6767664,no,no
6767728,no,no
6767905,no,no
6769186,no,no
6770239,no,no
6770632,no,no
6771243,no,no
6772294,no,no
6772316,no,no
6772317,no,no
6772914,no,no
6773105,no,no
6776446,no,no
6777827,no,no
6778545,no,no
6782714,no,no
6787572,no,no
6787620,no,no
6787621,no,no
6788732,no,no
6789575,no,no
6790256,no,no
6793821,no,no
6794153,no,no
6794699,no,no
6795160,no,no
6795419,no,no
6796368,no,no
6796993,no,no
6798383,no,no
6798390,no,no
6798391,no,no
6798394,no,no
6798395,no,no
6798396,no,no
6798397,no,no
6798850,no,no
6800665,no,no
6801620,no,no
6803419,no,no
6804769,no,no
6806212,no,no
6806596,no,no
6806978,no,no
6808282,no,no
6808894,no,no
6809707,no,no
6810077,no,no
6810471,no,no
6810544,no,no
6811766,no,no
6812677,no,no
6813285,no,no
6813906,no,no
6813908,no,no
6815138,no,no
6815141,no,no
6818188,no,no
6818196,no,no
6818198,no,no
6819239,no,no
6819262,no,no
6819268,no,no
6819271,no,no
6819273,no,no
6819274,no,no
6819275,no,no
6819278,no,no
6819279,yes,no
6820990,no,no
6820995,no,no
6820998,no,no
6820999,no,no
6821006,no,no
6823292,no,no
6824468,no,no
6833014,no,no
6835065,no,no
6836625,no,no
6853250,no,no
6853271,no,no
6858063,no,no
6867282,no,no
6868475,no,no
6868628,no,no
6877183,no,no
6885540,no,no
6885544,no,no
690494,no,no
6907594,no,no
6924785,no,no
6927777,no,no
6928718,no,no
6971273,no,no
6978320,no,no
7012735,no,no
7016355,no,no
7020583,no,no
7029791,no,no
7037697,no,no
704296,no,no
7050474,no,no
7057053,no,no
7057235,yes,no
7064406,no,no
7067713,no,no
7085281,no,no
7092631,yes,no
7111680,no,no
7120911,no,no
7134454,no,no
7135440,no,no
713982,no,no
7146096,no,no
7164130,no,no
7170343,no,no
7207421,no,no
7217168,no,no
7220795,no,no
7228847,no,no
7231059,no,no
7242280,no,no
7245280,no,no
7256295,no,no
7256808,no,no
7256810,no,no
7256811,no,no
725969,no,no
7268819,no,no
7272924,no,no
7272980,no,no
7289557,no,no
7302243,no,no
7303019,no,no
7303870,no,no
7321783,no,no
7321784,no,no
7321806,no,no
7322062,no,no
7338845,no,no
7344514,no,no
7359874,no,no
7360894,no,no
737406,no,no
7376314,no,no
7383538,no,no
738885,no,no
7393146,no,no
7397705,no,no
7403273,no,no
7410085,no,no
7413146,no,no
7413919,no,no
7414643,no,no
7422062,no,no
7434181,no,no
7444722,no,no
7456089,no,no
7470055,no,no
7473349,no,no
7475362,no,no
7476718,no,no
7476720,no,no
7476722,no,no
7480117,no,no
7480636,no,no
7480645,no,no
7480828,no,no
748246,no,no
7483400,no,no
7491409,no,no
7493806,no,no
7493816,no,no
7493847,no,no
7493848,no,no
7493849,no,no
7499449,no,no
7501811,no,no
7501838,no,no
7502725,no,no
7502727,no,no
7502957,no,no
7511552,yes,no
7512212,no,no
7518934,no,no
7519356,no,no
7531744,no,no
7558866,no,no
7558946,yes,no
7558965,no,no
7560797,no,no
7565355,no,no
7565367,no,no
7565368,no,no
7565369,no,no
7568375,no,no
7568376,no,no
7568383,no,no
7576752,no,no
7576756,no,no
7581292,no,no
7582259,no,no
7586863,no,no
7591916,no,no
7597213,no,no
7597216,no,no
7597217,no,no
7599383,no,no
760270,no,no
7604158,no,no
7604159,no,no
7604160,no,no
7604161,no,no
7604163,no,no
7606109,no,no
7609715,no,no
7609726,no,no
7609728,no,no
7609729,no,no
7609730,no,no
7610122,no,no
7617908,no,no
7619110,no,no
7624643,no,no
7626839,no,no
7632342,no,no
7632351,no,no
7632352,no,no
7635728,no,no
7635773,no,no
7635781,no,no
7638056,no,no
7642411,no,no
7643785,no,no
7643786,no,no
7643789,no,no
7648013,no,no
7651999,no,no
7652000,no,no
7652006,no,no
7652007,no,no
7652009,no,no
7652156,no,no
7654827,no,no
7659727,no,no
7659728,no,no
7659734,no,no
7668865,no,no
7673035,no,no
7683125,no,no
7689180,no,no
7694785,no,no
7700209,no,no
7700490,no,no
7702893,no,no
7708839,no,no
7708845,no,no
7713464,no,no
7715569,no,no
7716264,no,no
7717128,no,no
7717136,no,no
7721135,no,no
7721627,no,no
7721636,yes,yes
7730072,no,no
7731511,no,no
7732070,no,no
7732074,no,no
7733650,no,no
7738406,no,no
7740407,no,no
7740411,no,no
7751178,no,no
7754126,no,no
7754141,no,no
7754363,no,no
7757989,no,no
7759217,no,no
7760710,no,no
7762994,no,no
7770782,no,no
7770784,no,no
7784153,yes,no
7790207,no,no
7790217,no,no
7790268,no,no
7798751,no,no
7799864,no,no
7799866,no,no
7801584,no,no
7805659,no,no
7816941,no,no
7816947,no,no
7817256,no,no
7817270,no,no
7824783,no,no
7828124,no,no
7832221,yes,no
7833122,no,no
7838046,no,no
7838047,no,no
7838048,no,no
7838051,no,no
7838055,no,no
7838056,no,no
7838952,no,no
7846889,no,no
7852108,yes,no
7852123,yes,no
7852129,no,no
7852654,no,no
7854498,no,no
7869903,no,no
7869992,no,no
7869996,no,no
7872672,no,no
7878211,no,no
7878212,no,no
7878213,no,no
7878214,no,no
7878215,no,no
7891626,no,no
7891628,no,no
7891629,no,no
7891630,no,no
7891634,no,no
7893360,no,no
7897273,no,no
7897277,no,no
7899565,no,no
7905908,no,no
7908692,no,no
7909372,no,no
7910071,no,no
7912712,no,no
7912716,no,no
7914004,no,no
7921670,no,no
7922977,yes,no
7928358,no,no
7930799,no,no
7931614,no,no
7934432,no,no
7935201,no,no
7935214,no,no
7935216,no,no
7935217,no,no
7935221,no,no
7938218,no,no
7939319,no,no
7940124,yes,no
7952953,no,no
7961009,no,no
7968837,no,no
7968843,no,no
7968847,no,no
7972688,no,no
7972899,no,no
7972911,no,no
7972912,no,no
7974180,no,no
7975389,no,no
7983427,no,no
7983454,no,no
7983458,no,no
7986762,no,no
7990634,no,no
7993268,no,no
7995745,no,no
7997521,no,no
7997566,no,no
7997728,no,no
8002630,no,no
8007424,yes,no
8016313,no,no
8016461,no,no
8017897,no,no
8018350,no,no
8018351,no,no
8018352,no,no
8020701,no,no
8023244,no,no
8023246,no,no
8040010,yes,no
8040042,no,no
8041899,no,no
8051878,no,no
8058023,no,no
8058025,no,no
806092,no,no
806142,no,no
806143,no,no
8062270,no,no
806598,no,no
807316,no,no
808266,no,no
8084233,no,no
8085214,no,no
8085216,no,no
8087487,no,no
8089336,no,no
8099101,no,no
8109312,no,no
8109994,no,no
8113122,no,no
8113908,no,no
811945,no,no
811948,no,no
8120569,no,no
8121268,no,no
8127981,no,no
8127982,no,no
814132,no,no
8146284,no,no
8146543,no,no
8147607,yes,yes
8153385,no,no
8164033,no,no
8164587,no,no
8164588,no,no
8164590,no,no
8165236,no,no
8173880,no,no
8175397,no,no
8175401,no,no
8184009,no,no
8189907,no,no
819125,no,no
8191705,no,no
8204938,no,no
8205791,no,no
8208216,no,no
8209012,no,no
8211755,no,no
8213629,no,no
8220975,no,no
8225986,no,no
8226167,no,no
8231322,no,no
8231325,no,no
8234680,no,no
8234869,no,no
8235984,no,no
8239679,no,no
824007,no,no
8242624,no,no
8244822,no,no
8245080,no,no
8246622,no,no
8248286,no,no
8248287,no,no
8248559,no,no
8248792,no,no
8248843,no,no
8256001,no,no
8256002,no,no
8257965,no,no
8259351,no,no
8260640,no,no
826441,no,no
8265778,no,no
8270232,no,no
8270449,no,no
8272553,no,no
8276664,no,no
8276665,no,no
8278155,no,no
8279292,no,no
8289721,no,no
8289724,no,no
8289725,no,no
8289727,no,no
8292886,no,no
829589,no,no
8295986,no,no
8305324,yes,no
8309442,no,no
8309443,no,no
8309445,no,no
8309448,no,no
8310159,no,no
8311772,yes,no
8311910,no,no
8315479,no,no
8320756,no,no
8324313,no,no
8327660,no,no
8327733,no,no
8330990,no,no
8332717,no,no
8338644,no,no
8341495,yes,no
8342112,no,no
8350822,no,no
8350824,no,no
8350825,no,no
8350827,no,no
8350836,no,no
8350837,no,no
8365945,yes,no
8366284,no,no
8371644,no,no
8380147,yes,no
8380569,no,no
8382201,no,no
8384287,no,no
8391133,no,no
8391134,no,no
8391135,no,no
8391136,no,no
8391137,no,no
8391138,no,no
8391139,no,no
8391156,no,no
8395088,no,no
8407415,no,no
8413034,no,no
8413039,no,no
8414414,yes,yes
8414415,yes,no
8414625,no,no
8422636,no,no
8429990,no,no
8434335,yes,no
8434341,no,no
8436522,no,no
8437663,no,no
8438070,no,no
8438477,no,no
8441310,no,no
8449968,no,no
8454488,no,no
8455496,no,no
8455499,no,no
8455501,no,no
8465252,no,no
8471427,no,no
8474866,no,no
8491686,yes,yes
8492762,no,no
8497222,no,no
8497223,no,no
8497224,no,no
8497226,no,no
8497231,no,no
8512010,no,no
8514551,yes,yes
8524422,no,no
8525027,no,no
8531865,no,no
8531873,no,no
8531874,no,no
8531877,no,no
8532756,no,no
8532759,no,no
8532912,no,no
8542232,no,no
8551991,no,no
8554877,no,no
8554878,no,no
8554889,no,no
8558495,no,no
8563704,no,no
8571181,no,no
8576485,no,no
8578054,no,no
8587201,no,no
8587523,no,no
8587524,no,no
8587548,no,no
8587935,no,no
8587944,no,no
8598383,no,no
8600099,no,no
8600500,no,no
8600513,no,no
8601002,no,no
8604064,no,no
8606927,no,no
8608031,no,no
8609452,no,no
8614713,no,no
8619022,no,no
8622840,no,no
8625053,no,no
8626546,no,no
8628541,yes,no
8628760,no,no
8629224,no,no
8635906,no,no
8638221,no,no
8639321,no,no
8643138,no,no
8648361,no,no
865251,no,no
8655338,no,no
8655380,no,no
8655383,no,no
8660625,no,no
8679269,no,no
8680062,no,no
8680070,no,no
8685254,no,no
8685258,no,no
8685260,no,no
8685552,no,no
8686880,no,no
8692177,no,no
8695535,no,no
8700030,no,no
8701816,no,no
8703326,no,no
8718033,no,no
8720971,no,no
8721838,no,no
8722422,no,no
8723506,no,no
8724735,no,no
8724736,no,no
8724738,no,no
8724740,no,no
8724742,no,no
8724743,no,no
8724957,no,no
8726992,no,no
8729350,no,no
8730661,no,no
8730664,no,no
8741090,no,no
8741792,no,no
8742895,no,no
8742908,no,no
8746110,no,no
8746709,no,no
8746711,no,no
8746712,no,no
8746715,no,no
8746717,no,no
8746720,no,no
8747935,no,no
8751415,no,no
8751416,no,no
8754122,no,no
8761424,no,no
8763768,no,no
8766068,no,no
8767105,no,no
8782226,no,no
8794846,no,no
8794851,no,no
8798164,no,no
8798165,no,no
8798168,no,no
8807609,no,no
8807611,no,no
8814740,yes,yes
8815372,no,no
8815379,no,no
8818786,no,no
8822779,no,no
8822786,no,no
8823263,no,no
8823275,no,no
8823277,no,no
8826712,no,no
8831225,no,no
8839415,no,no
8839416,no,no
8839418,no,no
8848553,no,no
8850425,no,no
8850426,no,no
8850427,no,no
8850430,no,no
8853515,no,no
88550,no,no
8858720,no,no
8858722,no,no
8858723,no,no
8858724,no,no
8858733,no,no
8858734,no,no
8862451,no,no
8862452,no,no
8862453,no,no
8865692,no,no
8867391,no,no
8876895,no,no
8880960,no,no
8883543,no,no
8884060,no,no
8884899,no,no
8884903,no,no
8884904,no,no
8884906,no,no
8886034,no,no
8892257,no,no
8892470,no,no
8899008,no,no
8899678,no,no
8899681,no,no
8912371,no,no
8916267,no,no
8917355,no,no
8927693,no,no
8927701,no,no
8927710,no,no
8927713,no,no
8928334,no,no
8934468,no,no
8936724,no,no
8936730,no,no
8937093,no,no
8938028,no,no
8946022,no,no
8946032,no,no
8946371,no,no
8946372,no,no
8946377,no,no
8947529,no,no
8948358,no,no
8949745,no,no
8949750,no,no
8949751,no,no
8949754,no,no
8949758,no,no
8949763,no,no
8949764,no,no
8949768,no,no
8949769,no,no
8949770,no,no
8949771,no,no
8949772,no,no
8949773,no,no
8949774,no,no
8949775,no,no
8949780,no,no
8949781,no,no
8949782,yes,no
8949783,no,no
8949784,no,no
8949785,no,no
8955716,no,no
8960515,no,no
8961370,no,no
897065,no,no
8971973,no,no
8971974,no,no
8971975,no,no
8975391,no,no
8982826,no,no
8983264,no,no
8985051,no,no
8985928,no,no
8988505,no,no
8988512,no,no
8994171,no,no
8994173,no,no
9002131,no,no
9003544,no,no
9004361,no,no
9004363,no,no
9006501,no,no
9008009,no,no
9008216,no,no
9010416,yes,no
9015811,no,no
9022180,no,no
9022195,no,no
9022199,no,no
9026939,no,no
9027939,no,no
9027943,no,no
9029546,no,no
9030837,no,no
9031487,no,no
9032867,no,no
9033659,no,no
9034669,no,no
9044414,no,no
9048973,no,no
9054873,no,no
9068360,no,no
9069317,no,no
9072845,no,no
9080533,no,no
9081321,no,no
9081322,no,no
9087365,no,no
9088394,no,no
9089592,no,no
9089596,no,no
9090578,no,no
910063,no,no
910064,no,no
9106711,no,no
9112443,no,no
9112448,no,no
9115654,no,no
9120892,no,no
9122852,no,no
9123742,no,no
9127304,no,no
9128899,no,no
9136099,no,no
9136109,no,no
9136110,no,no
9136111,no,no
9143054,no,no
9148080,no,no
9155084,no,no
9157260,no,no
9157263,no,no
9167170,no,no
916840,no,no
9169818,no,no
9173436,no,no
9176673,no,no
9187116,no,no
9194127,no,no
9194137,no,no
9194138,no,no
9198016,no,no
9198017,no,no
9198018,no,no
9198022,no,no
9200952,no,no
9201680,no,no
9204523,no,no
9205912,yes,no
9211409,no,no
9216195,no,no
9220407,no,no
9220569,no,no
9223050,no,no
9225785,no,no
9226307,no,no
9226311,yes,yes
9231669,no,no
9233025,no,no
9240650,no,no
9240653,no,no
9246179,no,no
9246183,no,no
9253036,no,no
9253040,no,no
9254732,no,no
9263789,no,no
9263791,no,no
9271795,no,no
9271796,no,no
92830,no,no
9284242,no,no
9292264,no,no
9295876,yes,no
929638,no,no
9296578,no,no
9300761,no,no
9304572,no,no
9304577,no,no
9304579,no,no
9307948,no,no
9307949,no,no
9307960,no,no
9308080,no,no
9308950,yes,no
9311075,no,no
9315397,no,no
9315398,no,no
9322843,no,no
9340408,no,no
9343107,no,no
9350712,no,no
9353429,no,no
9355856,no,no
9355860,no,no
9355862,no,no
9355863,no,no
9355864,no,no
9361055,no,no
9364633,no,no
9366669,no,no
9367328,no,no
9373107,no,no
9373108,yes,yes
9392533,no,no
9392536,yes,no
9392537,yes,no
9392561,no,no
9394283,no,no
9394284,no,no
9400706,no,no
9406368,no,no
9409018,no,no
9416788,no,no
9417636,no,no
9421155,no,no
9422264,no,no
9422266,no,no
9422269,no,no
9422564,no,no
9422581,no,no
9422926,yes,no
9429939,no,no
9430471,no,no
9432800,no,no
9434294,no,no
9434297,no,no
9434980,no,no
9435824,no,no
9435828,no,no
9437317,yes,no
9438167,no,no
9440169,yes,no
9440882,no,no
9446303,no,no
9446941,no,no
9454355,no,no
9457810,no,no
9457840,no,no
9457841,no,no
9460889,no,no
9464327,no,no
9464474,no,no
9465218,no,no
9465247,no,no
9465717,no,no
9466045,yes,no
946623,no,no
9472822,no,no
9474937,no,no
9476918,no,no
9483621,no,no
9483624,no,no
9487369,no,no
9487373,no,no
9489560,no,no
9489564,no,no
9499987,no,no
9500275,no,no
9503486,no,no
9507480,no,no
9507485,no,no
9507486,no,no
9507488,no,no
9507489,no,no
9508276,no,no
9509529,no,no
9512244,no,no
9514054,no,no
9514491,yes,no
9516592,no,no
9517034,no,no
9517251,no,no
9525254,no,no
9531388,no,no
9532276,no,no
9533134,no,no
9539568,no,no
9539570,no,no
9546997,no,no
9547500,no,no
9550751,no,no
9555644,no,no
9563795,no,no
9568086,no,no
9571612,no,no
9571618,no,no
9572059,no,no
9574637,no,no
9578694,no,no
9581181,no,no
9586716,no,no
9586721,no,no
9586722,no,no
9587081,no,no
9587582,no,no
9588918,yes,yes
9589324,no,no
9594633,no,no
9599365,no,no
96045,no,no
96046,no,no
96047,no,no
96048,no,no
96053,no,no
96057,no,no
96058,no,no
96060,no,no
96061,no,no
96063,no,no
96067,no,no
96069,no,no
9607361,no,no
9607362,no,no
9607363,no,no
96079,no,no
96080,no,no
9608476,no,no
9608477,no,no
9609904,no,no
9613522,no,no
9614955,no,no
9615343,no,no
9615346,no,no
9620244,no,no
9620245,no,no
9620246,no,no
9620247,no,no
9623645,no,no
9623647,no,no
9623649,no,no
9632180,no,no
9632299,no,no
9645836,yes,no
9650169,no,no
9650171,no,no
9650172,no,no
9650173,no,no
9650174,no,no
9650176,no,no
9650177,no,no
9650178,no,no
9650182,no,no
9650600,no,no
9651020,no,no
9651021,no,no
9651024,no,no
9651028,no,no
9651042,no,no
9652810,no,no
9661768,no,no
9664275,no,no
9667567,no,no
9669410,no,no
9670283,no,no
9670284,no,no
9670287,no,no
9670288,no,no
9670289,no,no
9670291,no,no
9670292,no,no
9673388,no,no
9682204,no,no
96847,no,no
9687971,no,no
9687977,no,no
9687980,no,no
9689956,no,no
9690399,no,no
9692362,no,no
9696072,no,no
9704365,no,no
9711753,no,no
9712548,no,no
9713294,no,no
9719121,no,no
9719131,no,no
9724387,no,no
9725132,no,no
9725595,no,no
972591,no,no
9727520,no,no
9728744,no,no
9730750,yes,no
9730751,no,no
9730752,no,no
9730759,yes,no
9730760,no,no
9737533,no,no
9747044,no,no
9747640,no,no
9747842,no,no
9748554,no,no
9749106,no,no
9749107,no,no
9749119,no,no
9749120,no,no
9755754,no,no
9755952,no,no
9755953,no,no
9756179,no,no
9768850,no,no
9768864,no,no
9769341,no,no
9769815,no,no
97728,no,no
97731,no,no
9775373,no,no
9775377,no,no
9775378,no,no
9775379,no,no
9788407,yes,no
9791807,no,no
9800694,no,no
9800698,no,no
9800705,no,no
9806616,no,no
9814527,no,no
9826044,yes,no
9829243,no,no
9830464,no,no
9832014,no,no
9832015,no,no
9832024,no,no
9839514,no,no
9840181,no,no
9842100,no,no
9848945,no,no
9848946,no,no
9858287,no,no
9860318,no,no
9860319,no,no
9860320,no,no
9863731,no,no
9863732,no,no
9874829,no,no
9874840,no,no
9879341,no,no
9881721,no,no
9881726,no,no
9883944,no,no
98865,no,no
99132,no,no
9919913,no,no
9924921,no,no
9925249,no,no
9932465,no,no
9932466,no,no
9932467,no,no
9932903,no,no
9935073,no,no
99404,no,no
9949398,no,no
9949399,no,no
9952308,no,no
9972789,no,no
9973079,no,no
99763,no,no
997853,no,no
99847,no,no
9989513,no,no
99982,no,no
